{"cameraMode":{"drawMode":0,"name":"Shaded","section":"Shading Mode"},"sceneLighting":true,"audioPlay":false,"sceneViewState":{"showFog":true,"showMaterialUpdate":false,"showSkybox":true,"showFlares":true,"showImageEffects":true,"showParticleSystems":true},"in2DMode":false,"pivot":{"x":0.0,"y":11.09999942779541,"z":-1.2000007629394532},"rotation":{"x":0.2951520085334778,"y":0.04903040826320648,"z":-0.01508150901645422,"w":0.9541341066360474},"size":200.05186462402345,"orthographic":false}