{"cameraMode":{"drawMode":0,"name":"Shaded","section":"Shading Mode"},"sceneLighting":false,"audioPlay":false,"sceneViewState":{"showFog":true,"showMaterialUpdate":false,"showSkybox":true,"showFlares":true,"showImageEffects":true,"showParticleSystems":true},"in2DMode":false,"pivot":{"x":6.150000095367432,"y":1.8799999952316285,"z":-32.5},"rotation":{"x":-0.24767464399337769,"y":-0.04157410189509392,"z":0.010570494458079338,"w":-0.9679442644119263},"size":29.21537971496582,"orthographic":false}