{"cameraMode":{"drawMode":0,"name":"Shaded","section":"Shading Mode"},"sceneLighting":false,"audioPlay":false,"sceneViewState":{"showFog":true,"showMaterialUpdate":false,"showSkybox":true,"showFlares":true,"showImageEffects":true,"showParticleSystems":true},"in2DMode":false,"pivot":{"x":-81.58599853515625,"y":2.184999942779541,"z":-42.900001525878909},"rotation":{"x":-0.3236204981803894,"y":-0.04909530654549599,"z":0.016787966713309289,"w":-0.9448028206825256},"size":3.007615566253662,"orthographic":false}