{"cameraMode":{"drawMode":0,"name":"Shaded","section":"Shading Mode"},"sceneLighting":false,"audioPlay":false,"sceneViewState":{"showFog":true,"showMaterialUpdate":false,"showSkybox":true,"showFlares":true,"showImageEffects":true,"showParticleSystems":true},"in2DMode":false,"pivot":{"x":-0.4519321918487549,"y":3.124082565307617,"z":-19.684715270996095},"rotation":{"x":-0.31693410873413088,"y":-0.09033186733722687,"z":0.03026784211397171,"w":-0.9437032341957092},"size":11.857803344726563,"orthographic":false}