{"cameraMode":{"drawMode":0,"name":"Shaded","section":"Shading Mode"},"sceneLighting":false,"audioPlay":false,"sceneViewState":{"showFog":true,"showMaterialUpdate":false,"showSkybox":true,"showFlares":true,"showImageEffects":true,"showParticleSystems":true},"in2DMode":false,"pivot":{"x":11.443931579589844,"y":0.07800006866455078,"z":-1.834421992301941},"rotation":{"x":0.3314077854156494,"y":0.011625331826508046,"z":-0.0040574828162789349,"w":0.9434409141540527},"size":20.026948928833009,"orthographic":false}