{"cameraMode":{"drawMode":0,"name":"Shaded","section":"Shading Mode"},"sceneLighting":false,"audioPlay":false,"sceneViewState":{"showFog":true,"showMaterialUpdate":false,"showSkybox":true,"showFlares":true,"showImageEffects":true,"showParticleSystems":true},"in2DMode":false,"pivot":{"x":-80.65999603271485,"y":2.7960000038146974,"z":-15.92199993133545},"rotation":{"x":0.3597492575645447,"y":0.07714633643627167,"z":-0.029857274144887925,"w":0.9294131398200989},"size":11.431539535522461,"orthographic":false}