{"cameraMode":{"drawMode":0,"name":"Shaded","section":"Shading Mode"},"sceneLighting":false,"audioPlay":false,"sceneViewState":{"showFog":true,"showMaterialUpdate":false,"showSkybox":true,"showFlares":true,"showImageEffects":true,"showParticleSystems":true},"in2DMode":false,"pivot":{"x":-85.35032653808594,"y":-41.84481430053711,"z":-74.88323974609375},"rotation":{"x":0.0172761008143425,"y":-0.8984828591346741,"z":0.43734806776046755,"w":0.035636283457279208},"size":73.30265045166016,"orthographic":false}