{"cameraMode":{"drawMode":0,"name":"Shaded","section":"Shading Mode"},"sceneLighting":false,"audioPlay":false,"sceneViewState":{"showFog":true,"showMaterialUpdate":false,"showSkybox":true,"showFlares":true,"showImageEffects":true,"showParticleSystems":true},"in2DMode":false,"pivot":{"x":14.459566116333008,"y":-22.95467758178711,"z":-23.51016616821289},"rotation":{"x":-0.3450484573841095,"y":-0.09078371524810791,"z":0.03348175436258316,"w":-0.9336367845535278},"size":50.56976318359375,"orthographic":false}